product_id,b_sharpe,c_sharpe,delta_sharpe,b_annual_return,c_annual_return,delta_annual_return,b_max_drawdown,c_max_drawdown,delta_max_drawdown,b_trade_count,c_trade_count,delta_trade_count,trade_count_pct_change,b_trade_win_rate,c_trade_win_rate,delta_trade_win_rate,b_daily_win_rate_net,c_daily_win_rate_net,delta_daily_win_rate_net
M,4.044142,5.645653,1.601511,0.208372,0.366454,0.158082,-0.018902,-0.022631,-0.003729,223.000000,243.000000,20.000000,0.089686,0.582960,0.621399,0.038440,0.452055,0.484018,0.031963
Y,3.821097,3.910181,0.089085,0.248536,0.277342,0.028806,-0.020292,-0.013253,0.007038,255.000000,361.000000,106.000000,0.415686,0.541176,0.526316,-0.014861,0.529680,0.543379,0.013699
B,4.492839,4.444506,-0.048333,0.325229,0.352538,0.027309,-0.032725,-0.031982,0.000743,209.000000,225.000000,16.000000,0.076555,0.617225,0.595556,-0.021669,0.552511,0.520548,-0.031963
JD,6.446019,6.391635,-0.054384,0.397682,0.438357,0.040675,-0.007743,-0.010028,-0.002286,328.000000,327.000000,-1.000000,-0.003049,0.545732,0.584098,0.038366,0.470320,0.474886,0.004566
BB,2.393027,2.164645,-0.228383,0.971204,0.912835,-0.058369,-0.077846,-0.120202,-0.042355,88.000000,120.000000,32.000000,0.363636,0.375000,0.316667,-0.058333,0.123288,0.127854,0.004566
SN,6.660726,6.419289,-0.241437,1.370272,1.525785,0.155513,-0.020307,-0.019913,0.000395,343.000000,351.000000,8.000000,0.023324,0.635569,0.641026,0.005457,0.547893,0.567050,0.019157
FU,6.673196,5.869373,-0.803823,4.932703,4.087516,-0.845187,-0.064300,-0.036216,0.028084,459.000000,355.000000,-104.000000,-0.226580,0.557734,0.566197,0.008463,0.697778,0.657778,-0.040000
RU,4.481592,3.517365,-0.964227,0.639580,0.457559,-0.182020,-0.020411,-0.038949,-0.018538,556.000000,594.000000,38.000000,0.068345,0.514388,0.515152,0.000763,0.570776,0.529680,-0.041096
FB,2.593749,-0.035835,-2.629584,0.208335,-0.008978,-0.217313,-0.045244,-0.106583,-0.061339,464.000000,410.000000,-54.000000,-0.116379,0.487069,0.448780,-0.038288,0.410959,0.347032,-0.063927
